[{"@type":"mappingTemplate","id":"@1","name":"oracletoflatfileMapping","description":"","autoExpireObject":false,"bundleVersion":"0","assetFrsGuid":"l3FUNwmfbsxfxl2bFfMl4Y","templateId":"@3","deployTime":1739267013000,"hasParameters":false,"valid":true,"fixedConnection":true,"hasParametersDeployed":false,"fixedConnectionDeployed":true,"isSchemaValidationEnabled":false,"tasks":0,"mappingPreviewFileRecordId":"@2","documentType":"MAPPING","references":[{"@type":"reference","refObjectId":"@9RB73YT7x0sb8qzWGjtkAU","refType":"connection"},{"@type":"reference","refObjectId":"@8sS9krHNXTWjOILKOKCoyo","refType":"connection"}]}]