[{"@type":"mappingTemplate","id":"@1","name":"FlatFileToFlatfile","description":"","autoExpireObject":false,"bundleVersion":"0","assetFrsGuid":"9E4V9WS6cSXgqvYxRFfy6f","templateId":"@3","deployTime":1738413426000,"hasParameters":false,"valid":true,"fixedConnection":true,"hasParametersDeployed":false,"fixedConnectionDeployed":true,"isSchemaValidationEnabled":false,"tasks":0,"mappingPreviewFileRecordId":"@2","documentType":"MAPPING","references":[{"@type":"reference","refObjectId":"@9RB73YT7x0sb8qzWGjtkAU","refType":"connection"}]}]